pashtrsafre@gmail.com	Mameen@430	9538 5125	5715 7268	1964 6475	5202 9793	9056 7980	5643 5407	0110 2246	4869 6017	3977 3967	4365 6280
nodmockquorcite@gmail.com	Mameen@40	8007 7232	7751 8770	0930 4080	0240 5539	0805 8998	6553 7071	9428 2926	7493 4579	8857 6804	6665 6201
hhdnghahh@gmail.com	Mameen@40	9942 8555	0609 4512	5224 7679	0899 8332	3039 9914	5241 8592	2245 3716	2478 6771	3141 7662	7154 4117
gafasihafay@gmail.com	Mameen@443	7038 4345	6866 0298	7230 7064	1440 6436	3172 1211	4987 4718	3364 4156	8466 3239	0357 6075	5395 6788
ienblemyiuesz@gmail.com	Mameen@434	1917 6048	7660 7234	2143 9653	7906 1283	3696 8183	0179 5691	5978 6749	5713 9099	2078 1170	6838 9100
vicxesskisdhus@gmail.com	Mameen@434	4820 9275	3748 3496	1880 5656	5540 0344	0508 1969	3996 5925	1228 5072	3185 1515	5181 8297	9970 4878
gjluosadunvt@gmail.com	Mameen@434	4936 7568	5140 1221	3629 5911	7598 0434	6154 8333	9828 6213	7686 3809	5672 1435	4104 2945	0327 1090
adjtdriikss@gmail.com	Mameen@434	5897 4436	0360 1228	4284 1765	6689 6511	9164 4430	5220 2153	0818 1854	2758 2253	1569 2313	6168 1590
yearessreltid@gmail.com	Mameen@40	7411 9064	9047 2634	6558 7468	8302 5191	1960 6115	1962 8998	9674 0969	4467 5373	0928 6200	1596 7556
grecinhenreyae@gmail.com	Mameen@40	6823 0377	4983 4339	3597 2556	3630 4757	5965 6048	7737 5515	4053 8752	7668 2519	2930 1073	0298 6055
naicumbeessem@gmail.com	Mameen@434	7333 2424	4205 3388	6123 8245	6379 4598	8159 0147	8518 5309	6448 9615	2822 4102	9005 6968	0405 0148
marphinishenrey@gmail.com	Mameen@40	3419 1490	8357 9037	5777 0351	8028 4404	9964 6734	4272 4031	7989 1596	6849 1979	3480 2363	8442 3292
johsinakatherin@gmail.com	Mameen@40	0470 5450	6270 1080	0168 4123	1914 3288	5356 6445	4657 1469	4261 6470	9945 1503	2490 1054	4488 7779
braekirrhovap@gmail.com	Mameen@40	6498 9105	8986 8763	9690 8897	0324 8564	1614 3618	9985 0934	5428 5850	7599 5792	2638 8030	1641 7787
curdricracgas@gmail.com	Mameen@434	5448 9886	5532 1159	3081 5726	3042 2205	6496 4061	8529 3433	1514 1864	3816 8452	5943 5656	6773 2142
pusnashgatjoc@gmail.com	Mameen@434	6587 7017	9342 1981	7068 3979	1180 4567	4788 9199	4666 6968	3942 8311	8415 7192	8263 1160	1113 7443
wainneckhewntroy@gmail.com	Mameen@434	0373 8415	8508 4568	5657 7504	1823 4157	4435 7480	7450 7898	2089 6789	0156 0774	1341 2987	1680 7549
flewnacellbout@gmail.com	Mameen@434	0175 9739	5579 0407	9746 4891	9964 8889	4549 5397	9761 8263	0276 7470	8127 7573	6186 3906	3161 8438
maetafoterway@gmail.com	Mameen@443	5393 9075	1042 8189	3002 5267	5029 9433	4426 9145	7629 8745	6558 8380	9435 2797	4469 1762	7987 2286
josephyamarphin@gmail.com	Mameen@40	9791 8788	4048 1647	6931 1165	3187 0737	9044 3818	0959 1154	3873 1349	0579 5158	5069 8334	1888 0922
hafakonafai@gmail.com	Mameen@443	6115 6195	0252 7980	4971 5460	8495 3254	0532 5586	3936 3170	7172 8443	3537 1641	4582 6491	4570 5218
gajerzohahalo@gmail.com	Mameen@443	7049 2439	3594 8975	3574 8039	3404 4456	2827 4408	8205 4030	8796 5892	0255 4250	5673 8823	1928 9835
markiinekamsron@gmail.com	Mameen@40	8993 6863	3869 8029	6843 6034	0598 4365	4782 8182	9447 0733	0074 0950	8141 3413	8346 9360	0816 2805
rowsglaraphpat@gmail.com	Mameen@434	8254 4581	7499 1547	8817 0618	8759 7204	0499 1850	5941 7188	0221 2155	5430 3967	6821 3360	2936 1777
niuelsdcoshyls@gmail.com	Mameen@434	2316 9633	2714 1197	8787 8941	8916 6987	4460 0728	4237 7726	4330 5241	8497 7240	6388 6400	9077 3416
ilondzxmaergss@gmail.com	Mameen@434	2607 8006	0816 1802	9931 0402	8636 1147	3512 8836	2846 1051	9537 0942	5091 6332	7033 2448	0103 9889
birchercullene@gmail.com	Mintsy@401	9516 8815	9602 7562	2938 3083	4233 7890	8117 6442	2455 5281	5454 8549	0634 9266	2954 9476	2800 8515
pocquakayfel@gmail.com	Mameen@434	1276 8288	7358 8723	8934 7637	7132 7972	8804 7741	2263 5397	3198 3066	3952 6429	3386 3312	9132 5352
noatezobafaj@gmail.com	Mameen@443	2631 1721	5078 7605	3607 6186	3933 3170	0044 0261	3737 0974	1004 4878	8996 9306	2456 9077	5734 9240
tupjdfrujdsd@gmail.com	Mameen@434	8985 6844	5905 2617	2368 4898	0390 3442	6806 0590	7817 9516	8367 8662	7715 9157	7265 3552	5568 5085
itshemprodserf@gmail.com	Mameen@434	4923 2947	0932 9186	4986 2813	5545 3151	1376 3948	7552 3749	4437 5572	6970 1424	1848 2448	5184 6614
hagetanaho@gmail.com	Mameen@443	3137 4919	6183 7839	0635 1784	6584 5264	9425 9815	2108 9588	5109 7038	6956 6191	3969 0446	3778 4273
duihdspshopkfs@gmail.com	Mameen@434	7567 0413	1931 3233	4365 6505	3902 3050	6224 7935	5660 1227	6027 4228	3616 0747	2340 6721	9862 5032
nixwareurvoid@gmail.com	Mameen@434	5324 0993	5180 9369	2058 2849	9501 8403	8565 5273	7528 1764	8999 4017	2815 9269	9957 7990	8470 8043
chrisyrswgdc@gmail.com	Mameen@434	9804 5526	7468 6301	8008 1553	6017 9492	2523 0691	5597 0242	4986 1718	4597 4854	2082 4408	1879 0050
hagatomahako@gmail.com	Mameen@443	2094 3487	7757 5866	2371 2201	8622 0779	0946 5944	5920 1461	3332 4640	4301 2731	1720 1611	8389 6503
endpuzleavbaht@gmail.com	Mameen@434	0455 8829	9645 3346	6017 1056	5649 6059	8469 8510	3598 1859	3022 5129	4469 1758	1844 6151	4427 8921
haftezogaga@gmail.com	Mameen@443	5021 4128	8245 1310	3598 6230	9798 5342	8598 6207	5644 1330	1674 7338	2219 1902	9646 1894	8435 0126
polquonlishsup@gmail.com	Mameen@434	6402 7314	3735 1662	7355 0597	7571 2375	7000 6618	3810 9388	0492 6320	3117 4084	5364 6376	9196 7703
ienyawsnoimon@gmail.com	Mameen@40	8765 4405	7091 3135	3280 6123	7819 5333	2586 7668	1086 7084	3019 0802	4360 9290	0878 9940	9473 1136
srvxslibcrs@gmail.com	Mameen@434	5709 5499	9913 4327	1282 3909	8271 6858	9188 1355	8662 4387	5940 4250	5676 0720	9105 9490	1920 3354
plugdeftphrelyt@gmail.com	Mameen@40	0727 6356	3625 7582	0856 1830	9558 5302	8529 3066	7473 8669	0878 3525	5954 5438	6870 9293	8540 6933
dervishierionm3@gmail.com	Mameen@40	2780 0412	5626 7601	9474 0516	8925 8753	1065 8568	1109 2178	0324 9961	4019 3651	7964 7765	7406 0689
pouvtscyhcaz@gmail.com	Mameen@434	3190 1509	5599 7391	7138 4830	2662 8122	0319 8271	1540 9787	8844 6156	6997 0892	2991 8718	9265 6895
hasrekopasteajmo@gmail.com	Mameen@443	8471 3453	3359 4371	2101 9837	6784 9864	4962 8442	6918 2360	7727 2857	2991 5606	7093 8869	6474 8734
OrgestMusaj1856@gmail.com	Az93663492@	98806525	22449188	44182449	31727802	82384530	19808799	95126485	83185524	82368723	47972595
n7275499@gmail.com	Az93663492@	27886394	3001348	95484582	27925164	367786	66511822	69686892	65721159	50532184	38433107
heathellianaa@gmail.com	mintsy@671	21979048	46786291	8580664	12928714	98875248	21483732	31475089	19301763	98230304	631160
wilsmithsmith018@gmail.com	123456musa	99785727	86521713	86265329	88376162	99509630	69860952	15124991	76077735	1615661	25458983
rolandtrbogdani@gmail.com	Gaabz@31	97293961	6667660	61357951	19318352	44949744	91367994	68447263	99412790	99412790	44435776
goldenerud@gmail.com	123456musa	65003191	20385691	43966361	11660388	75054687	24889688	42692457	59329402	20470873	58434954
dominikwimmer50@gmail.com	1212qqww	24800919	10165031	91661112	38651292	21747130	77788305	55328542	68278153	65876437	83244223
zkolmisg@gmail.com	123456musa	95373511	44657976	31432325	21288867	34320643	83687782	64635152	60871910	54141066	82761006
vullnetaduroa@gmail.com	Gaabz@734	10545795	36366297	25387381	29028037	96839699	11776888	8047775	78350753	60074029	95423717
arifelmia11@gmail.com	shahinur@2005	587782	56500653	26702505	8240120	98269448	56204961	10695914	44223690	25395511	16534005
hausdebssagsner@gmail.com	Gaabz@734	45897075	63326551	53007405	39012920	44980543	61423701	66762485	7924362	6797341	73281674
a67784598@gmail.com	Az93663492@	72486833	6286387	5950358	24462112	11014854	10740472	21846124	47188325	12138914	71893169
petersmart4638@gmail.com	1212qqww	37517838	57671461	30585569	16708756	54470268	21133452	14019861	22988462	81781544	83416272
bazzarbazs@gmail.com	aaqq1122	74240901	62002160	98913678	8233216	11757957	63502101	97405639	6423273	75915180	85395157
leviconrad6456@gmail.com	1212qqww	18138041	83027899	96635311	61526594	88992246	66042507	67046170	95791423	16198024	50558724
alexanderjames986@gmail.com	1212qqww	33125350	17233302	16263802	71522029	85581299	87381898	36115930	78893404	80122497	99119851
jessicadixon6517@gmail.com	1212qqww	25672069	97593023	70942266	55711859	82975382	62891458	25604192	53571974	3450225	77800000
